Product Type,Product Title,Variant Title,SKU,net30 Price,wholesale Price
"Bath Towels, Fashion Bath Towels",Heirloom Bath Towel Collection,Heirloom Ivory / Wash,WT-1428-T4-101,2.5,2.5
"Bath Towels, Fashion Bath Towels",Heirloom Bath Towel Collection,Heirloom White / Wash,WT-1428-T4-100,2.5,2.5
"Bath Towels, Fashion Bath Towels",Heirloom Bath Towel Collection,Heirloom Maritime / Wash,WT-1428-T4-364,2.5,2.5
"Bath Towels, Fashion Bath Towels",Heirloom Bath Towel Collection,Heirloom Mimosa / Wash,WT-1428-T4-1026,2.5,2.5
"Bath Towels, Fashion Bath Towels",Heirloom Bath Towel Collection,Heirloom Beige / Wash,WT-1428-T4-406,2.5,2.5
"Bath Towels, Fashion Bath Towels",Heirloom Bath Towel Collection,Heirloom Mineral Green / Wash,WT-1428-T4-382,2.5,2.5
"Bath Towels, Fashion Bath Towels",Heirloom Bath Towel Collection,Heirloom Navy / Wash,WT-1428-T4-318,2.5,2.5
"Bath Towels, Fashion Bath Towels",Heirloom Bath Towel Collection,Heirloom Orange Punch / Wash,WT-1428-T4-1103,2.5,2.5
"Bath Towels, Fashion Bath Towels",Heirloom Bath Towel Collection,Heirloom Breeze Blue / Wash,WT-1428-T4-366,2.5,2.5
"Bath Towels, Fashion Bath Towels",Heirloom Bath Towel Collection,Heirloom Sky / Wash,WT-1428-T4-350,2.5,2.5
"Bath Towels, Fashion Bath Towels",Heirloom Bath Towel Collection,Heirloom Nickel / Wash,WT-1428-T4-205,2.5,2.5
"Bath Towels, Fashion Bath Towels",Heirloom Bath Towel Collection,Heirloom Mist / Wash,WT-1428-T4-250,,2.5
"Bath Towels, Fashion Bath Towels",Heirloom Bath Towel Collection,Heirloom Nickel / Hand,HT-1428-T4-205,3.5,3.5
"Bath Towels, Fashion Bath Towels",Heirloom Bath Towel Collection,Heirloom Ivory / Hand,HT-1428-T4-101,3.5,3.5
"Bath Towels, Fashion Bath Towels",Heirloom Bath Towel Collection,Heirloom Maritime / Hand,HT-1428-T4-364,3.5,3.5
"Bath Towels, Fashion Bath Towels",Heirloom Bath Towel Collection,Heirloom White / Hand,HT-1428-T4-100,3.5,3.5
"Bath Towels, Fashion Bath Towels",Heirloom Bath Towel Collection,Heirloom Beige / Hand,HT-1428-T4-406,3.5,3.5
"Bath Towels, Fashion Bath Towels",Heirloom Bath Towel Collection,Heirloom Mimosa / Hand,HT-1428-T4-1026,3.5,3.5
"Bath Towels, Fashion Bath Towels",Heirloom Bath Towel Collection,Heirloom Orange Punch / Hand,HT-1428-T4-1103,3.5,3.5
"Bath Towels, Fashion Bath Towels",Heirloom Bath Towel Collection,Heirloom Navy / Hand,HT-1428-T4-318,3.5,3.5
"Bath Towels, Fashion Bath Towels",Heirloom Bath Towel Collection,Heirloom Breeze Blue / Hand,HT-1428-T4-366,3.5,3.5
"Bath Towels, Fashion Bath Towels",Heirloom Bath Towel Collection,Heirloom Mineral Green / Hand,HT-1428-T4-382,3.5,3.5
"Bath Towels, Fashion Bath Towels",Heirloom Bath Towel Collection,Heirloom Sky / Hand,HT-1428-T4-350,3.5,3.5
"Bath Towels, Fashion Bath Towels",Heirloom Bath Towel Collection,Heirloom Mist / Hand,HT-1428-T4-250,,3.5
Bath Towel,Candy Bath Towel Collection,Candyland / Wash,WT-1347-T4-1036,5,5
Bath Towel,Candy Bath Towel Collection,Seamist / Wash,WT-1347-T4-386,5,5
Bath Towel,Candy Bath Towel Collection,White / Wash,WT-1347-T4-100,5,5
Bath Towel,Candy Bath Towel Collection,Soft Shell Pink / Wash,WT-1347-T4-1031,5,5
Bath Towel,Candy Bath Towel Collection,Baby Mouse / Wash,WT-1347-T4-229,5,5
Bath Towel,Candy Bath Towel Collection,Cloud Dancer / Wash,WT-1347-T4-131,5,5
Bath Towel,Waffle Bath Towel Collection,Waffle White / WASH,WT-1382-T4-100,5,5
Bath Towel,Waffle Bath Towel Collection,Waffle Beige / WASH,WT-1382-T4-406,5,5
Bath Towel,Waffle Bath Towel Collection,Waffle Sky Turquoise / WASH,WT-1382-T4-356,5,5
Bath Towel,Waffle Bath Towel Collection,Waffle Dew / WASH,WT-1382-T4-400,5,5
Bath Towel,Waffle Bath Towel Collection,Waffle Ivory / WASH,WT-1382-T4-101,5,5
Bath Towel,Waffle Bath Towel Collection,Waffle Mist / WASH,WT-1382-T4-231,5,5
BATH TOWEL,Buenos Aires Bath Towel Collection,Buenos Aires Linen / Wash,TT-1304-T1-404,5,5
BATH TOWEL,Chloe Bath Towel Collection,Wash / Ebony,WT-1093-T1-900,5,5
Bath Towels,Emma Bath Towel Collection,White / Wash,WT-1281-T1-100,5,5
Bath Towels,Stella Bath Towel Collection,White / Wash,WT-1071-T2-100,5,5
Fancies,Chloe,Ebony / Wash,WT-1093-T1-900,5,5
Fancies,Milano,Grey Milano / Wash,WT-1323-T1-103,5,5
Fancies,Milano Bath Towel Collection,Mineral Milano / Wash,WT-1323-T1-302,5,5
Fancies,Paloma,Grey Paloma / Wash,WT-1324-T1-203,5,5
Fancies,Paloma Bath Towel Collection,Grey Paloma / Wash,WT-1324-T1-203,5,5
Solids,Noel,Silver / Wash,813232000000,5,5
Solids,Noel,Seagreen / Wash,813232000000,5,5
Solids,Noel,Whisper / Wash,813232000000,5,5
Solids,Noel Bath Towel,White / Wash,WT-1436-T1-100,5,5
Solids,Noel Bath Towel Collection,White / Wash,WT-1436-T1-100,5,5
Solids,Perugia Bath Towel,Vintage White / Wash,WT-1014-T4-122,5,5
Solids,Perugia Bath Towel,Vintage White / Wash,WT-1014-T4-122,5,5
Solids,Perugia Bath Towel,White / Wash,WT-1014-T4-100,5,5
Solids,Perugia Bath Towel,White / Wash,WT-1014-T4-100,5,5
Solids,Perugia Bath Towel Collection,Vintage White / Wash,WT-1014-T4-122,5,5
Solids,Perugia Bath Towel Collection,Mimosa / Wash,WT-1014-T4-1026,5,5
Solids,Perugia Bath Towel Collection,Dove / Wash,WT-1014-T4-217,5,5
Solids,Perugia Bath Towel Collection,Soft Shell Pink / Wash,WT-1014-T4-1031,5,5
Solids,Perugia Bath Towel Collection,White / Wash,WT-1014-T4-100,5,5
Solids,Perugia Bath Towel Collection,Seagreen / Wash,WT-1014-T4-806,5,5
"Bath Towels, Fashion Bath Towels",Heirloom Bath Towel Collection,Heirloom White / Tub Mat,TM-1428-T4-100,5.5,5.5
"Bath Towels, Fashion Bath Towels",Heirloom Bath Towel Collection,Heirloom Maritime / Tub Mat,TM-1428-T4-364,5.5,5.5
"Bath Towels, Fashion Bath Towels",Heirloom Bath Towel Collection,Heirloom Orange Punch / Tub Mat,TM-1428-T4-1103,5.5,5.5
"Bath Towels, Fashion Bath Towels",Heirloom Bath Towel Collection,Heirloom Beige / Tub Mat,TM-1428-T4-406,5.5,5.5
"Bath Towels, Fashion Bath Towels",Heirloom Bath Towel Collection,Heirloom Sky / Tub Mat,TM-1428-T4-350,5.5,5.5
"Bath Towels, Fashion Bath Towels",Heirloom Bath Towel Collection,Heirloom Navy / Tub Mat,TM-1428-T4-318,5.5,5.5
"Bath Towels, Fashion Bath Towels",Heirloom Bath Towel Collection,Heirloom Breeze Blue / Tub Mat,TM-1428-T4-366,5.5,5.5
"Bath Towels, Fashion Bath Towels",Heirloom Bath Towel Collection,Heirloom Nickel / Tub Mat,TM-1428-T4-205,5.5,5.5
"Bath Towels, Fashion Bath Towels",Heirloom Bath Towel Collection,Heirloom Mineral Green / Tub Mat,TM-1428-T4-382,5.5,5.5
"Bath Towels, Fashion Bath Towels",Heirloom Bath Towel Collection,Heirloom Ivory / Tub Mat,TM-1428-T4-101,,5.5
"Bath Towels, Fashion Bath Towels",Heirloom Bath Towel Collection,Heirloom Mist / Tub Mat,TM-1428-T4-250,,5.5
"Bath Towels, Fashion Bath Towels",Heirloom Bath Towel Collection,Heirloom Mimosa / Tub Mat,TM-1428-T4-1026,,5.5
Bath Towel,Microcotton Luxury Bath Towel Collection,Periwinkle / Wash,10102WAB25,6.5,6.5
Bath Towel,Microcotton Luxury Bath Towel Collection,Steel / Wash,10102WAK65,6.5,6.5
Bath Towel,Microcotton Luxury Bath Towel Collection,Azure / Wash,10102WAB56,6.5,6.5
Bath Towel,Microcotton Luxury Bath Towel Collection,Wheat / Wash,10102WAY35,6.5,6.5
Bath Towel,Microcotton Luxury Bath Towel Collection,Oat / Wash,10102WAO15,6.5,6.5
Bath Towel,Microcotton Luxury Bath Towel Collection,White / Wash,10102WAW01,6.5,6.5
Bath Towel,Microcotton Luxury Bath Towel Collection,Aqua / Wash,10102WAB26,6.5,6.5
Bath Towel,Microcotton Luxury Bath Towel Collection,Paprika / Wash,10102WAE85,6.5,6.5
Bath Towel,Microcotton Luxury Bath Towel Collection,Bamboo / Wash,10102WAG40,6.5,6.5
Bath Towel,Microcotton Luxury Bath Towel Collection,Claret / Wash,10102WAR90,6.5,6.5
Bath Towel,Microcotton Luxury Bath Towel Collection,Ivory / Wash,10102WAN01,6.5,6.5
Bath Towel,Microcotton Luxury Bath Towel Collection,Black / Wash,10102WAK98,6.5,6.5
Bath Towel,Microcotton Luxury Bath Towel Collection,Latte / Wash,10102WAO40,6.5,6.5
Bath Towel,Microcotton Luxury Bath Towel Collection,Navy / Wash,10102WAB90,6.5,6.5
"Bath Towels, Fashion Bath Towels",Heirloom Bath Towel Collection,Heirloom Sky / Bath,BT-1428-T4-350,6.5,6.5
"Bath Towels, Fashion Bath Towels",Heirloom Bath Towel Collection,Heirloom White / Bath,BT-1428-T4-100,6.5,6.5
"Bath Towels, Fashion Bath Towels",Heirloom Bath Towel Collection,Heirloom Mimosa / Bath,BT-1428-T4-1026,6.5,6.5
"Bath Towels, Fashion Bath Towels",Heirloom Bath Towel Collection,Heirloom Beige / Bath,BT-1428-T4-406,6.5,6.5
"Bath Towels, Fashion Bath Towels",Heirloom Bath Towel Collection,Heirloom Nickel / Bath,BT-1428-T4-205,6.5,6.5
"Bath Towels, Fashion Bath Towels",Heirloom Bath Towel Collection,Heirloom Orange Punch / Bath,BT-1428-T4-1103,6.5,6.5
"Bath Towels, Fashion Bath Towels",Heirloom Bath Towel Collection,Heirloom Navy / Bath,BT-1428-T4-318,6.5,6.5
"Bath Towels, Fashion Bath Towels",Heirloom Bath Towel Collection,Heirloom Breeze Blue / Bath,BT-1428-T4-366,6.5,6.5
"Bath Towels, Fashion Bath Towels",Heirloom Bath Towel Collection,Heirloom Mineral Green / Bath,BT-1428-T4-382,6.5,6.5
"Bath Towels, Fashion Bath Towels",Heirloom Bath Towel Collection,Heirloom Maritime / Bath,BT-1428-T4-364,6.5,6.5
"Bath Towels, Fashion Bath Towels",Heirloom Bath Towel Collection,Heirloom Ivory / Bath,BT-1428-T4-101,6.5,6.5
Bath Towel,Microcotton Luxury Bath Towel Collection,Chocolate / Wash,10102WAO90,,6.5
"Bath Towels, Fashion Bath Towels",Heirloom Bath Towel Collection,Heirloom Mist / Bath,BT-1428-T4-250,,6.5
Solids,Santiago,Ivory with Mineral / Tip,WT-1322-T4-302,7,7
Solids,Santiago,White with Denim / Tip,WT-1322-T4-318,7,7
Solids,Santiago,White with Orange Punch / Tip,WT-1322-T4-1103,7,7
Solids,Santiago Bath Towel,Ivory with Mineral / Tip,WT-1322-T4-302,7,7
Solids,Santiago Bath Towel,White with Orange Punch / Tip,WT-1322-T4-1103,7,7
Solids,Santiago Bath Towel,White with Denim / Tip,WT-1322-T4-318,7,7
Solids,Santiago Bath Towel,Ivory with Mimosa / Tip,WT-1322-T4-1031,7,7
Solids,Santiago Bath Towel Collection,White with Eggshell / Tip,WT-1322-T1-356,7,7
Solids,Santiago Bath Towel Collection,White with Denim / Tip,WT-1322-T4-318,7,7
Solids,Santiago Bath Towel Collection,White with Linen / Tip,WT-1322-T1-404,7,7
Solids,Santiago Bath Towel Collection,Ivory with Mimosa / Tip,WT-1322-T4-1031,7,7
Solids,Santiago Bath Towel Collection,White with White / Tip,WT-1322-T1-100,7,7
Solids,Santiago Bath Towel Collection,White with White / Tip,WT-1322-T1-100,7,7
Solids,Santiago Bath Towel Collection,White with Grey / Tip,WT-1322-T1-203,7,7
Solids,Santiago Bath Towel Collection,Ivory with Mineral / Tip,WT-1322-t4-302,7,7
Solids,Santiago Bath Towel Collection,White with Orange Punch / Tip,WT-1322-T4-1103,7,7
Accessories,Isadora Bath Accessories,Shiny White / Tmblr,TUM-1152-A4-1200,8,8
Accessories,Isadora Bath Accessories,Shiny White / Tmblr,TUM-1152-A4-1200,8,8
Accessories,Isadora Bath Accessories,Shiny White / Dish,SD-1152-A4-1200,8,8
Accessories,Isadora Bath Accessories,Shiny White / Dish,SD-1152-A4-1200,8,8
Accessories,Medici Bath Accessories,Matte White / Dish,TR1-1066-A2-100,8,8
Accessories,Medici Bath Accessories,Matte White / Dish,TR1-1066-A2-100,8,8
Accessories,Medici Bath Accessories,Matte White / Tmblr,TUM-1066-A2-100,8,8
Accessories,Medici Bath Accessories,Matte White / Tmblr,TUM-1066-A2-100,8,8
Accessories,Petite Dot Bath Accessories,Dish,SD-1352-A2-100,8,8
Accessories,Petite Dot Bath Accessories,Tmblr,TUM-1352-A2-100,8,8
Bath Towel,Candy Bath Towel Collection,Soft Shell Pink / Hand,HT-1347-T4-1031,8,8
Bath Towel,Candy Bath Towel Collection,Cloud Dancer / Hand,HT-1347-T4-131,8,8
Bath Towel,Candy Bath Towel Collection,Seamist / Hand,HT-1347-T4-386,8,8
Bath Towel,Candy Bath Towel Collection,White / Hand,HT-1347-T4-100,8,8
Bath Towel,Candy Bath Towel Collection,Baby Mouse / Hand,HT-1347-T4-229,8,8
Bath Towel,Candy Bath Towel Collection,Candyland / Hand,HT-1347-T4-1036,8,8
Bath Towel,Waffle Bath Towel Collection,Waffle Sky Turquoise / HAND,HT-1382-T4-356,8,8
Bath Towel,Waffle Bath Towel Collection,Waffle Mist / HAND,HT-1382-T4-231,8,8
Bath Towel,Waffle Bath Towel Collection,Waffle White / HAND,HT-1382-T4-100,8,8
Bath Towel,Waffle Bath Towel Collection,Waffle Dew / HAND,HT-1382-T4-400,8,8
Bath Towel,Waffle Bath Towel Collection,Waffle Beige / HAND,HT-1382-T4-406,8,8
Bath Towel,Waffle Bath Towel Collection,Waffle Ivory / HAND,HT-1382-T4-101,8,8
BATH TOWEL,Buenos Aires Bath Towel Collection,Buenos Aires Linen / Hand,HT-1304-T1-404,8,8
BATH TOWEL,Chloe Bath Towel Collection,Hand / Ebony,HT-1093-T1-900,8,8
Bath Towels,Belize Bath Towel Collection,White / Hand,HT-1392-T4-100,8,8
Bath Towels,Cooper Bath Towel Collection,White / Hand,HT-1027-T1-100,8,8
Bath Towels,Emma Bath Towel Collection,White / Hand,HT-1281-T1-100,8,8
Bath Towels,Stella Bath Towel Collection,White / Hand,HT-1071-T2-100,8,8
Fancies,Chloe,Ebony / Hand,HT-1093-T1-900,8,8
Fancies,Milano,Grey Milano / Hand,HT-1323-T1-103,8,8
Fancies,Milano Bath Towel Collection,Mineral Milano / Hand,HT-1323-T1-302,8,8
Fancies,Paloma,Grey Paloma / Hand,HT-1324-T1-203,8,8
Fancies,Paloma Bath Towel Collection,Grey Paloma / Hand,HT-1324-T1-203,8,8
Solids,Noel,Whisper / Hand,813232000000,8,8
Solids,Noel,Silver / Hand,813232000000,8,8
Solids,Noel,Seagreen / Hand,813232000000,8,8
Solids,Noel Bath Towel,White / Hand,HT-1436-T1-100,8,8
Solids,Noel Bath Towel Collection,White / Hand,HT-1436-T1-100,8,8
Solids,Perugia Bath Towel,White / Hand,HT-1014-T4-100,8,8
Solids,Perugia Bath Towel,White / Hand,HT-1014-T4-100,8,8
Solids,Perugia Bath Towel,Vintage White / Hand,HT-1014-T4-122,8,8
Solids,Perugia Bath Towel,Vintage White / Hand,HT-1014-T4-122,8,8
Solids,Perugia Bath Towel Collection,Seagreen / Hand,HT-1014-T4-806,8,8
Solids,Perugia Bath Towel Collection,White / Hand,HT-1014-T4-100,8,8
Solids,Perugia Bath Towel Collection,Dove / Hand,HT-1014-T4-217,8,8
Solids,Perugia Bath Towel Collection,Mimosa / Hand,HT-1014-T4-1026,8,8
Solids,Perugia Bath Towel Collection,Vintage White / Hand,HT-1014-T4-122,8,8
Solids,Perugia Bath Towel Collection,Soft Shell Pink / Hand,HT-1014-T4-1031,8,8
Solids,Santiago,White with Denim / Hand,HT-1322-T4-318,8,8
Solids,Santiago,Ivory with Mineral / Hand,HT-1322-T4-302,8,8
Solids,Santiago,White with Orange Punch / Hand,HT-1322-T4-1103,8,8
Solids,Santiago Bath Towel,White with Denim / Hand,HT-1322-T4-318,8,8
Solids,Santiago Bath Towel,Ivory with Mimosa / Hand,HT-1322-T4-1031,8,8
Solids,Santiago Bath Towel,White with Orange Punch / Hand,HT-1322-T4-1103,8,8
Solids,Santiago Bath Towel,Ivory with Mineral / Hand,HT-1322-T4-302,8,8
Solids,Santiago Bath Towel Collection,White with Denim / Hand,HT-1322-T4-318,8,8
Solids,Santiago Bath Towel Collection,Ivory with Mineral / Hand,ht-1322-t4-302,8,8
Solids,Santiago Bath Towel Collection,White with Grey / Hand,HT-1322-T1-203,8,8
Solids,Santiago Bath Towel Collection,White with Eggshell / Hand,HT-1322-T1-356,8,8
Solids,Santiago Bath Towel Collection,White with Orange Punch / Hand,HT-1322-T4-1103,8,8
Solids,Santiago Bath Towel Collection,Ivory with Mimosa / Hand,HT-1322-T4-1031,8,8
Solids,Santiago Bath Towel Collection,White with White / Hand,HT-1322-T1-100,8,8
Solids,Santiago Bath Towel Collection,White with White / Hand,HT-1322-T1-100,8,8
Solids,Santiago Bath Towel Collection,White with Linen / Hand,HT-1322-T1-404,8,8
Accessories,Isadora Bath Accessories,Shiny White / Pump,LD-1152-A4-1200,10,10
Accessories,Isadora Bath Accessories,Shiny White / Jar,JAR-1152-A4-1200,10,10
Accessories,Isadora Bath Accessories,Shiny White / Jar,JAR-1152-A4-1200,10,10
Accessories,Isadora Bath Accessories,Shiny White / Pump,LD-1152-A4-1200,10,10
Accessories,Medici Bath Accessories,Matte White / Pump,LD-1066-A2-100,10,10
Accessories,Medici Bath Accessories,Matte White / Pump,LD-1066-A2-100,10,10
Accessories,Perugia Bath Accessories,White / Tmblr,TUM-1014-A2-100,10,10
Accessories,Perugia Bath Accessories,White / Pump,LD-1014-A2-100,10,10
Accessories,Perugia Bath Accessories,White / Pump,LD-1014-A2-100,10,10
Accessories,Perugia Bath Accessories,White / Tmblr,TUM-1014-A2-100,10,10
Accessories,Petite Dot Bath Accessories,Jar,JAR-1352-A2-100,10,10
Solids,Linen,Beige / Wash,WT-1384-T4-404,10,10
Solids,Linen,Opal / Wash,WT-1384-T4-387,10,10
Solids,Linen,Oatmeal / Wash,WT-1384-T4-100,10,10
Solids,Linen Bath Towel Collection,Cedar / Wash,WT-1384-T4-230,10,10
Solids,Linen Bath Towel Collection,Opal / Wash,WT-1384-T4-387,10,10
Solids,Linen Bath Towel Collection,Beige / Wash,WT-1384-T4-404,10,10
Solids,Linen Bath Towel Collection,Oatmeal / Wash,WT-1384-T4-100,10,10
Bath Towel,Microcotton Luxury Bath Towel Collection,Paprika / Hand,10102HAE85,11,11
Bath Towel,Microcotton Luxury Bath Towel Collection,Periwinkle / Hand,10102HAB25,11,11
Bath Towel,Microcotton Luxury Bath Towel Collection,Azure / Hand,10102HAB56,11,11
Bath Towel,Microcotton Luxury Bath Towel Collection,Aqua / Hand,10102HAB26,11,11
Bath Towel,Microcotton Luxury Bath Towel Collection,Navy / Hand,10102HAB90,11,11
Bath Towel,Microcotton Luxury Bath Towel Collection,Wheat / Hand,10102HAY35,11,11
Bath Towel,Microcotton Luxury Bath Towel Collection,Steel / Hand,10102HAK65,11,11
Bath Towel,Microcotton Luxury Bath Towel Collection,Bamboo / Hand,10102HAG40,11,11
Bath Towel,Microcotton Luxury Bath Towel Collection,White / Hand,10102HAW01,11,11
Bath Towel,Microcotton Luxury Bath Towel Collection,Chocolate / Hand,10102HAO90,11,11
Bath Towel,Microcotton Luxury Bath Towel Collection,Claret / Hand,10102HAR90,11,11
Bath Towel,Microcotton Luxury Bath Towel Collection,Ivory / Hand,10102HAN01,11,11
Bath Towel,Microcotton Luxury Bath Towel Collection,Black / Hand,10102HAK98,11,11
Bath Towel,Microcotton Luxury Bath Towel Collection,Latte / Hand,10102HAO40,11,11
Bath Towel,Microcotton Luxury Bath Towel Collection,Oat / Hand,10102HAO15,11,11
"Bath Towels, Fashion Bath Towels",Heirloom Bath Towel Collection,Heirloom Ivory / Sheet,BS-1428-T4-101,11.5,11.5
"Bath Towels, Fashion Bath Towels",Heirloom Bath Towel Collection,Heirloom Nickel / Sheet,BS-1428-T4-205,11.5,11.5
"Bath Towels, Fashion Bath Towels",Heirloom Bath Towel Collection,Heirloom White / Sheet,BS-1428-T4-100,11.5,11.5
"Bath Towels, Fashion Bath Towels",Heirloom Bath Towel Collection,Heirloom Mimosa / Sheet,BS-1428-T4-1026,11.5,11.5
"Bath Towels, Fashion Bath Towels",Heirloom Bath Towel Collection,Heirloom Navy / Sheet,BS-1428-T4-318,11.5,11.5
"Bath Towels, Fashion Bath Towels",Heirloom Bath Towel Collection,Heirloom Orange Punch / Sheet,BS-1428-T4-1103,11.5,11.5
"Bath Towels, Fashion Bath Towels",Heirloom Bath Towel Collection,Heirloom Breeze Blue / Sheet,BS-1428-T4-366,11.5,11.5
"Bath Towels, Fashion Bath Towels",Heirloom Bath Towel Collection,Heirloom Sky / Sheet,BS-1428-T4-350,11.5,11.5
"Bath Towels, Fashion Bath Towels",Heirloom Bath Towel Collection,Heirloom Mineral Green / Sheet,BS-1428-T4-382,11.5,11.5
"Bath Towels, Fashion Bath Towels",Heirloom Bath Towel Collection,Heirloom Maritime / Sheet,BS-1428-T4-364,,11.5
"Bath Towels, Fashion Bath Towels",Heirloom Bath Towel Collection,Heirloom Beige / Sheet,BS-1428-T4-406,,11.5
"Bath Towels, Fashion Bath Towels",Heirloom Bath Towel Collection,Heirloom Mist / Sheet,BS-1428-T4-250,,11.5
Bath Towel,Candy Bath Towel Collection,Cloud Dancer / Bath,BT-1347-T4-131,14,14
Bath Towel,Candy Bath Towel Collection,Soft Shell Pink / Bath,BT-1347-T4-1031,14,14
Bath Towel,Candy Bath Towel Collection,White / Bath,BT-1347-T4-100,14,14
Bath Towel,Candy Bath Towel Collection,Baby Mouse / Bath,BT-1347-T4-229,14,14
Bath Towel,Candy Bath Towel Collection,Candyland / Bath,BT-1347-T4-1036,14,14
Bath Towel,Candy Bath Towel Collection,Seamist / Bath,BT-1347-T4-386,14,14
Bath Towel,Waffle Bath Towel Collection,Waffle White / BATH,BT-1382-T4-100,14,14
Bath Towel,Waffle Bath Towel Collection,Waffle Ivory / BATH,BT-1382-T4-101,14,14
Bath Towel,Waffle Bath Towel Collection,Waffle Mist / BATH,BT-1382-T4-231,14,14
Bath Towel,Waffle Bath Towel Collection,Waffle Sky Turquoise / BATH,BT-1382-T4-356,14,14
Bath Towel,Waffle Bath Towel Collection,Waffle Beige / BATH,BT-1382-T4-406,14,14
Bath Towel,Waffle Bath Towel Collection,Waffle Dew / BATH,BT-1382-T4-400,14,14
BATH TOWEL,Buenos Aires Bath Towel Collection,Buenos Aires Linen / Bath,BT-1304-T1-404,14,14
BATH TOWEL,Chloe Bath Towel Collection,Bath / Ebony,BT-1093-T1-900,14,14
BATH TOWEL,St. Moritz Fouta Bath Towel Collection,Bath / Fouta Stripe Gold,BT-1030-T1-1401,14,14
BATH TOWEL,St. Moritz Fouta Bath Towel Collection,Hand / Fouta Stripe Silver,2PK-1030-T1-1200,14,14
Bath Towels,Belize Bath Towel Collection,White / Bath,BT-1392-T4-100,14,14
Bath Towels,Emma Bath Towel Collection,White / Bath,BT-1281-T1-100,14,14
Bath Towels,Stella Bath Towel Collection,White / Bath,BT-1071-T2-100,14,14
Fancies,Chloe,Ebony / Bath,BT-1093-T1-900,14,14
Fancies,Milano,Grey Milano / Bath,BT-1323-T1-103,14,14
Fancies,Milano Bath Towel Collection,Mineral Milano / Bath,BT-1323-T1-302,14,14
Fancies,Paloma,Grey Paloma / Bath,BT-1324-T1-203,14,14
Fancies,Paloma Bath Towel Collection,Grey Paloma / Bath,BT-1324-T1-203,14,14
Solids,Noel,Seagreen / Bath,813232000000,14,14
Solids,Noel,Whisper / Bath,813232000000,14,14
Solids,Noel,Silver / Bath,813232000000,14,14
Solids,Noel Bath Towel,White / Bath,BT-1436-T1-100,14,14
Solids,Noel Bath Towel Collection,White / Bath,BT-1436-T1-100,14,14
Solids,Perugia Bath Towel,White / Bath,BT-1014-T4-100,14,14
Solids,Perugia Bath Towel,White / Bath,BT-1014-T4-100,14,14
Solids,Perugia Bath Towel,Vintage White / Bath,BT-1014-T4-122,14,14
Solids,Perugia Bath Towel,Vintage White / Bath,BT-1014-T4-122,14,14
Solids,Perugia Bath Towel Collection,Mimosa / Bath,BT-1014-T4-1026,14,14
Solids,Perugia Bath Towel Collection,Dove / Bath,BT-1014-T4-217,14,14
Solids,Perugia Bath Towel Collection,White / Bath,BT-1014-T4-100,14,14
Solids,Perugia Bath Towel Collection,Vintage White / Bath,BT-1014-T4-122,14,14
Solids,Perugia Bath Towel Collection,Soft Shell Pink / Bath,BT-1014-T4-1031,14,14
Solids,Perugia Bath Towel Collection,Seagreen / Bath,BT-1014-T4-806,14,14
Solids,Santiago,White with Denim / Bath,BT-1322-T4-318,14,14
Solids,Santiago,White with Orange Punch / Bath,BT-1322-T4-1103,14,14
Solids,Santiago,Ivory with Mineral / Bath,BT-1322-T4-302,14,14
Solids,Santiago Bath Towel,Ivory with Mimosa / Bath,BT-1322-T4-1031,14,14
Solids,Santiago Bath Towel,Ivory with Mineral / Bath,BT-1322-T4-302,14,14
Solids,Santiago Bath Towel,White with Orange Punch / Bath,BT-1322-T4-1103,14,14
Solids,Santiago Bath Towel,White with Denim / Bath,BT-1322-T4-318,14,14
Solids,Santiago Bath Towel Collection,Ivory with Mimosa / Bath,BT-1322-T4-1031,14,14
Solids,Santiago Bath Towel Collection,White with Eggshell / Bath,BT-1322-T1-356,14,14
Solids,Santiago Bath Towel Collection,White with Grey / Bath,BT-1322-T1-203,14,14
Solids,Santiago Bath Towel Collection,Ivory with Mineral / Bath,bt-1322-t4-302,14,14
Solids,Santiago Bath Towel Collection,White with White / Bath,BT-1322-T1-100,14,14
Solids,Santiago Bath Towel Collection,White with White / Bath,BT-1322-T1-100,14,14
Solids,Santiago Bath Towel Collection,White with Denim / Bath,BT-1322-T4-318,14,14
Solids,Santiago Bath Towel Collection,White with Orange Punch / Bath,BT-1322-T4-1103,14,14
Solids,Santiago Bath Towel Collection,White with Linen / Bath,BT-1322-T1-404,14,14
Accessories,Carrara Bath Accessories,White Marble / TBH,TBH-1154-A6-100,15,15
Accessories,Carrara Bath Accessories,Black Marble / TBH,TBH-1154-A6-902,15,15
Accessories,Carrara Bath Accessories,White Marble / TBH,TBH-1154-A6-100,15,15
Accessories,Carrara Bath Accessories,White Marble / TBH,TBH-1154-A6-100,15,15
Accessories,Medici Bath Accessories,Matte White / Tray,TR2-1066-A2-100,15,15
Accessories,Medici Bath Accessories,Matte White / Tray,TR2-1066-A2-100,15,15
Accessories,Medici Bath Accessories,Matte White / Jar,JAR-1066-A2-100,15,15
Accessories,Medici Bath Accessories,Matte White / Jar,JAR-1066-A2-100,15,15
Accessories,Perugia Bath Accessories,White / Jar,JAR-1014-A2-100,15,15
Accessories,Perugia Bath Accessories,White / Jar,JAR-1014-A2-100,15,15
Solids,Linen,Opal / Hand,HT-1384-T4-387,15,15
Solids,Linen,Oatmeal / Hand,HT-1384-T4-100,15,15
Solids,Linen,Beige / Hand,HT-1384-T4-404,15,15
Solids,Linen Bath Towel Collection,Oatmeal / Hand,HT-1384-T4-100,15,15
Solids,Linen Bath Towel Collection,Opal / Hand,HT-1384-T4-387,15,15
Solids,Linen Bath Towel Collection,Beige / Hand,HT-1384-T4-404,15,15
Solids,Linen Bath Towel Collection,Cedar / Hand,HT-1384-T4-230,15,15
BATH TOWEL,St. Moritz Fouta Bath Towel Collection,Bath / Fouta Stripe Silver,BT-1030-T1-1200,16,16
BATH TOWEL,St. Moritz Fouta Bath Towel Collection,Hand / Fouta Stripe Gold,2PK-1030-T1-1401,16,16
Bath Towel,Microcotton Luxury Bath Towel Collection,Paprika / Bath,10102BAE85,18,18
Bath Towel,Microcotton Luxury Bath Towel Collection,Paprika / Tub Mat,10102TME85,18,18
Bath Towel,Microcotton Luxury Bath Towel Collection,Periwinkle / Bath,10102BAB25,18,18
Bath Towel,Microcotton Luxury Bath Towel Collection,Periwinkle / Tub Mat,10102TMB25,18,18
Bath Towel,Microcotton Luxury Bath Towel Collection,Steel / Tub Mat,10102TMK65,18,18
Bath Towel,Microcotton Luxury Bath Towel Collection,Navy / Tub Mat,10102TMB90,18,18
Bath Towel,Microcotton Luxury Bath Towel Collection,Bamboo / Bath,10102BAG40,18,18
Bath Towel,Microcotton Luxury Bath Towel Collection,Aqua / Tub Mat,10102TMB26,18,18
Bath Towel,Microcotton Luxury Bath Towel Collection,White / Bath,10102BAW01,18,18
Bath Towel,Microcotton Luxury Bath Towel Collection,White / Tub Mat,10102TMW01,18,18
Bath Towel,Microcotton Luxury Bath Towel Collection,Azure / Bath,10102BAB56,18,18
Bath Towel,Microcotton Luxury Bath Towel Collection,Aqua / Bath,10102BAB26,18,18
Bath Towel,Microcotton Luxury Bath Towel Collection,Wheat / Tub Mat,10102TMY35,18,18
Bath Towel,Microcotton Luxury Bath Towel Collection,Wheat / Bath,10102BAY35,18,18
Bath Towel,Microcotton Luxury Bath Towel Collection,Latte / Tub Mat,10102TMO40,18,18
Bath Towel,Microcotton Luxury Bath Towel Collection,Azure / Tub Mat,10102TMB56,18,18
Bath Towel,Microcotton Luxury Bath Towel Collection,Black / Tub Mat,10102TMK98,18,18
Bath Towel,Microcotton Luxury Bath Towel Collection,Steel / Bath,10102BAK65,18,18
Bath Towel,Microcotton Luxury Bath Towel Collection,Bamboo / Tub Mat,10102TMG40,18,18
Bath Towel,Microcotton Luxury Bath Towel Collection,Oat / Tub Mat,10102TMO15,18,18
Bath Towel,Microcotton Luxury Bath Towel Collection,Black / Bath,10102BAK98,18,18
Bath Towel,Microcotton Luxury Bath Towel Collection,Claret / Bath,10102BAR90,18,18
Bath Towel,Microcotton Luxury Bath Towel Collection,Ivory / Tub Mat,10102TMN01,18,18
Bath Towel,Microcotton Luxury Bath Towel Collection,Ivory / Bath,10102BAN01,18,18
Bath Towel,Microcotton Luxury Bath Towel Collection,Oat / Bath,10102BAO15,18,18
Bath Towel,Microcotton Luxury Bath Towel Collection,Chocolate / Bath,10102BAO90,18,18
Bath Towel,Microcotton Luxury Bath Towel Collection,Chocolate / Tub Mat,10102TMO90,18,18
Bath Towel,Microcotton Luxury Bath Towel Collection,Latte / Bath,10102BAO40,18,18
Bath Towel,Microcotton Luxury Bath Towel Collection,Navy / Bath,10102BAB90,18,18
Shower Curtains,Buenos Aires,Mineral,SC-1304-S1-302,18,18
Shower Curtains,Buenos Aires Shower Curtain,Buenos Aires Mineral,SC-1304-S1-302,18,18
Shower Curtains,Buenos Aires Shower Curtain,Buenos Aires Linen,SC-1304-S1-404,18,18
Shower Curtains,Duvel Shower Curtain,Pastel Turquoise,813232000000,18,18
Shower Curtains,Scarlet Shower Curtain,Vintage White,SC-1314-S1-122,18,18
Bath Towel,Microcotton Luxury Bath Towel Collection,Claret / Tub Mat,10102TMR90,,18
Hoodie,Caro Kids Character Hoodies,Elephante,813232000000,19,19
Hoodie,Caro Kids Character Hoodies,Chanchi,813232000000,19,19
Hoodie,Caro Kids Character Hoodies,Pancho,813232000000,19,19
Accessories,Carrara Bath Accessories,Black Marble / Pump,LD-1154-A6-902,20,20
Accessories,Carrara Bath Accessories,White Marble / Pump,LD-1154-A6-100,20,20
Accessories,Carrara Bath Accessories,White Marble / Pump,LD-1154-A6-100,20,20
Beach,Bahama,Navy,BCH-1217-T1-318,20,20
Beach,Bahama Beach Towel,Bahama Cool,BCH-1217-T1-313,20,20
Beach,Pashmina Beach Towel,Pashmina Coral,BCH-1412-T3-1003,20,20
Beach,Pashmina Beach Towel,Pashmina Turquoise,BCH-1412-T3-3023,20,20
Beach,Poncho Beach Towel,Poncho Multi,BCH-1222-T1-1300,20,20
Beach,Puebla Beach Towel,Puebla Navy,BCH-1227-T1-318,20,20
Beach,Chesapeak Beach Towel,Red Navy,BCH-1388-T1-506,,20
Beach,Gypsy Fish Beach Towel,Gypsy Fish Coral,BCH-1215-T1-1003,,20
Beach,Hibiscus Beach Towel,Hibiscus Sunshine,813232000000,,20
Beach,Hibiscus Beach Towel,Hibiscus Coral,BCH-1208-T1-1003,,20
Beach,Hibiscus Beach Towel,Hibiscus Navy Aqua,BCH-1208-T1-396,,20
Beach,Maya Beach Towel,Beach Multi Brites,BCH-1399-T1-1303,,20
Beach,Maya Beach Towel,Beach Aqua Brites,BCH-1399-T1-3010,,20
Beach,Maya Beach Towel,Beach Coral,BCH-1399-T1-1003,,20
Beach,Maya Beach Towel,Beach Cool,BCH-1399-T1-3009,,20
Beach,Medici,Blue,B2H-1066-T3-301,,20
Beach,Seafish,Cool,BCH-1212-T1-313,,20
Beach,Seafish Beach Towel,Coral,BCH-1212-T1-1003,,20
Beach,Seaport,Navy,BCH-1209-T1-318,,20
Beach,Tamara Beach Towel,Limon,BCH-1049-T1-803,,20
Beach,Tango Beach Towel,Chocolate,BCH-1214-T1-401,,20
Beach,Tribal Zebra Beach Towel,Chocolate,BCH-1213-T1-401,,20
Beach,Tuscon Beach Towel,Cool,BCH-1210-T1-313,,20
Bath Towel,Microcotton Luxury Bath Towel Collection,Periwinkle / Shwr,10102SHB25,22,22
Bath Towel,Microcotton Luxury Bath Towel Collection,White / Shwr,10102SHW01,22,22
Bath Towel,Microcotton Luxury Bath Towel Collection,Steel / Shwr,10102SHK65,22,22
Bath Towel,Microcotton Luxury Bath Towel Collection,Aqua / Shwr,10102SHB26,22,22
Bath Towel,Microcotton Luxury Bath Towel Collection,Wheat / Shwr,10102SHY35,22,22
Bath Towel,Microcotton Luxury Bath Towel Collection,Claret / Shwr,10102SHR90,22,22
Bath Towel,Microcotton Luxury Bath Towel Collection,Ivory / Shwr,10102SHN01,22,22
Bath Towel,Microcotton Luxury Bath Towel Collection,Navy / Shwr,10102SHB90,22,22
Bath Towel,Microcotton Luxury Bath Towel Collection,Paprika / Shwr,10102SHE85,22,22
Bath Towel,Microcotton Luxury Bath Towel Collection,Azure / Shwr,10102SHB56,22,22
Bath Towel,Microcotton Luxury Bath Towel Collection,Bamboo / Shwr,10102SHG40,22,22
Bath Towel,Microcotton Luxury Bath Towel Collection,Chocolate / Shwr,10102SHO90,22,22
Bath Towel,Microcotton Luxury Bath Towel Collection,Black / Shwr,10102SHK98,22,22
Bath Towel,Microcotton Luxury Bath Towel Collection,Latte / Shwr,10102SHO40,22,22
Bath Towel,Microcotton Luxury Bath Towel Collection,Oat / Shwr,10102SHO15,22,22
Accessories,Carrara Bath Accessories,Black Marble / Tray,TR-1154-A6-902,25,25
Accessories,Carrara Bath Accessories,White Marble / Tray,TR-1154-A6-100,25,25
Accessories,Carrara Bath Accessories,White Marble / Tray,TR-1154-A6-100,25,25
Accessories,Carrara Bath Accessories,White Marble / Tray,TR-1154-A6-100,25,25
Accessories,Perugia Bath Accessories,White / Tray,TR-1014-A2-100,25,25
Accessories,Perugia Bath Accessories,White / Tray,TR-1014-A2-100,25,25
Accessories,Perugia Bath Accessories,White / Bin,WB-1014-A2-100,25,25
Accessories,Perugia Bath Accessories,White / Bin,WB-1014-A2-100,25,25
Accessories,Petite Dot Bath Accessories,Bin,WB-1352-A2-100,25,25
Solids,Caro Bath Towel Collection,Vintage White / Hand,813232000000,26,26
Solids,Noel,Whisper / Set,813232000000,26,26
Solids,Noel,Seagreen / Set,813232000000,26,26
Solids,Noel,Silver / Set,813232000000,26,26
Solids,Noel Bath Towel,White / Set,BHWT-1129-T4-100,26,26
Solids,Noel Bath Towel Collection,White / Set,BHWT-1129-T4-100,26,26
Solids,Linen,Oatmeal / Bath,BT-1384-T4-100,30,30
Solids,Linen,Beige / Bath,BT-1384-T4-404,30,30
Solids,Linen,Opal / Bath,BT-1384-T4-387,30,30
Solids,Linen Bath Towel Collection,Beige / Bath,BT-1384-T4-404,30,30
Solids,Linen Bath Towel Collection,Cedar / Bath,BT-1384-T4-230,30,30
Solids,Linen Bath Towel Collection,Oatmeal / Bath,BT-1384-T4-100,30,30
Solids,Linen Bath Towel Collection,Opal / Bath,BT-1384-T4-387,30,30
Bath Towel,Microcotton Luxury Bath Towel Collection,Steel / Body,10102BSK65,33,33
Bath Towel,Microcotton Luxury Bath Towel Collection,Periwinkle / Body,10102BSB25,33,33
Bath Towel,Microcotton Luxury Bath Towel Collection,Aqua / Body,10102BSB26,33,33
Bath Towel,Microcotton Luxury Bath Towel Collection,Navy / Body,10102BSB90,33,33
Bath Towel,Microcotton Luxury Bath Towel Collection,Wheat / Body,10102BSY35,33,33
Bath Towel,Microcotton Luxury Bath Towel Collection,Oat / Body,10102BSO15,33,33
Bath Towel,Microcotton Luxury Bath Towel Collection,White / Body,10102BSW01,33,33
Bath Towel,Microcotton Luxury Bath Towel Collection,Latte / Body,10102BSO40,33,33
Bath Towel,Microcotton Luxury Bath Towel Collection,Azure / Body,10102BSB56,33,33
Bath Towel,Microcotton Luxury Bath Towel Collection,Bamboo / Body,10102BSG40,33,33
Bath Towel,Microcotton Luxury Bath Towel Collection,Chocolate / Body,10102BSO90,33,33
Bath Towel,Microcotton Luxury Bath Towel Collection,Black / Body,10102BSK98,33,33
Bath Towel,Microcotton Luxury Bath Towel Collection,Claret / Body,10102BSR90,33,33
Bath Towel,Microcotton Luxury Bath Towel Collection,Paprika / Body,10102BSE85,33,33
Bath Towel,Microcotton Luxury Bath Towel Collection,Ivory / Body,10102BSN01,,33
Accessories,Carrara Bath Accessories,Black Marble / Box,BOX-1154-A6-902,35,35
Accessories,Carrara Bath Accessories,White Marble / Box,BOX-1154-A6-100,35,35
Accessories,Carrara Bath Accessories,White Marble / Box,BOX-1154-A6-100,35,35
Accessories,Carrara Bath Accessories,White Marble / Box,BOX-1154-A6-100,35,35
Beach,Bahama Beach Towel,Bahama Turquoise,BCH-1217-T1-801,35,35
Beach,Bon Voyage Beach Towel,Turquoise,B2H-1226-T3-802,35,35
Beach,Medici Beach Towel,Medici Tangerine Fuschia,B2H-1066-T3-1006,,35
Beach,Mirimar Beach Towel,Cool,B2H-1066-T3-1006,,35
Bedding,Bamboo Fitted Sheet,White / Twin,51500TWW01,55,55
Bedding,Bamboo Flat Sheet,White / Twin,50500TWW01,55,55
Bedding,Bamboo Pillowcase Pair,Copper / Stdrd,52500SDE35,55,55
Bedding,Bamboo Pillowcase Pair,Sea Glass / Stdrd,52500SDB30,55,55
Bedding,Bamboo Pillowcase Pair,Sky / Stdrd,52500SDB05,55,55
Bedding,Bamboo Pillowcase Pair,Sable / Stdrd,52500SDO55,55,55
Bedding,Bamboo Pillowcase Pair,White / Stdrd,52500SDW01,55,55
Bedding,Bamboo Pillowcase Pair,Hemp / Stdrd,52500SDO05,55,55
Bedding,Bamboo Pillowcase Pair,Ivory / Stdrd,52500SDN01,55,55
Bedding,Bamboo Pillowcase Pair,Black Pearl / Stdrd,52500SDK55,55,55
Bedding,Bamboo Pillowcase Pair,Copper / King,52500KGE35,60,60
Bedding,Bamboo Pillowcase Pair,Sky / King,52500KGB05,60,60
Bedding,Bamboo Pillowcase Pair,Sea Glass / King,52500KGB30,60,60
Bedding,Bamboo Pillowcase Pair,Sable / King,52500KGO55,60,60
Bedding,Bamboo Pillowcase Pair,White / King,52500KGW01,60,60
Bedding,Bamboo Pillowcase Pair,Hemp / King,52500KGO05,60,60
Bedding,Bamboo Pillowcase Pair,Black Pearl / King,52500KGK55,60,60
Bedding,Bamboo Pillowcase Pair,Ivory / King,52500KGN01,60,60
Bedding,Bamboo Fitted Sheet,Sky / Queen,51500QNB05,66,66
Bedding,Bamboo Fitted Sheet,Ivory / Queen,51500QNN01,66,66
Bedding,Bamboo Fitted Sheet,Black Pearl / Queen,51500QNK55,66,66
Bedding,Bamboo Fitted Sheet,Sable / Queen,51500QNO55,66,66
Bedding,Bamboo Fitted Sheet,Copper / Queen,51500QNE35,66,66
Bedding,Bamboo Fitted Sheet,White / Queen,51500QNW01,66,66
Bedding,Bamboo Fitted Sheet,Hemp / Queen,51500QNO05,66,66
Bedding,Bamboo Fitted Sheet,Sea Glass / Queen,51500QNB30,66,66
Bedding,Bamboo Flat Sheet,Copper / Queen,50500QNE35,66,66
Bedding,Bamboo Flat Sheet,White / Queen,50500QNW01,66,66
Bedding,Bamboo Flat Sheet,Sky / Queen,50500QNB05,66,66
Bedding,Bamboo Flat Sheet,Sea Glass / Queen,50500QNB30,66,66
Bedding,Bamboo Flat Sheet,Sable / Queen,50500QNO55,66,66
Bedding,Bamboo Flat Sheet,Black Pearl / Queen,50500QNK55,66,66
Bedding,Bamboo Flat Sheet,Ivory / Queen,50500QNN01,66,66
Bedding,Bamboo Flat Sheet,Hemp / Queen,50500QNO05,66,66
Bedding,Bamboo Fitted Sheet,Sea Glass / King,51500KGB30,77,77
Bedding,Bamboo Fitted Sheet,Sky / King,51500KGB05,77,77
Bedding,Bamboo Fitted Sheet,Ivory / King,51500KGN01,77,77
Bedding,Bamboo Fitted Sheet,Copper / King,51500KGE35,77,77
Bedding,Bamboo Fitted Sheet,Hemp / King,51500KGO05,77,77
Bedding,Bamboo Fitted Sheet,Sable / King,51500KGO55,77,77
Bedding,Bamboo Fitted Sheet,Black Pearl / King,51500KGK55,77,77
Bedding,Bamboo Fitted Sheet,White / King,51500KGW01,77,77
Bedding,Bamboo Flat Sheet,White / King,50500KGW01,77,77
Bedding,Bamboo Flat Sheet,Sea Glass / King,50500KGB30,77,77
Bedding,Bamboo Flat Sheet,Ivory / King,50500KGN01,77,77
Bedding,Bamboo Flat Sheet,Sky / King,50500KGB05,77,77
Bedding,Bamboo Flat Sheet,Sable / King,50500KGO55,77,77
Bedding,Bamboo Flat Sheet,Hemp / King,50500KGO05,77,77
Bedding,Bamboo Flat Sheet,Copper / King,50500KGE35,77,77
Bedding,Bamboo Flat Sheet,Black Pearl / King,50500KGK55,77,77
Bedding,Bamboo Quilted Box Coverlet,Hemp / Queen,66572QNO05,175,175
Bedding,Bamboo Quilted Box Coverlet,White / Queen,66572QNW01,175,175
Bedding,Bamboo Quilted Box Coverlet,Ivory / Queen,66572QNN01,175,175
Bedding,Bamboo Quilted Box Coverlet,Sable / Queen,66572QNO55,175,175
Bedding,Bamboo Quilted Box Coverlet,Copper / Queen,66572QNE35,175,175
Bedding,Bamboo Quilted Box Coverlet,Copper / King,66572KGE35,200,200
Bedding,Bamboo Quilted Box Coverlet,Sable / King,66572KGO55,200,200
Bedding,Bamboo Quilted Box Coverlet,Ivory / King,66572KGN01,200,200
Bedding,Bamboo Quilted Box Coverlet,White / King,66572KGW01,200,200
Bedding,Bamboo Quilted Box Coverlet,Hemp / King,66572KGO05,200,200
